Year,Early Votes,Total Votes,% Early Votes
2018,4884734,8371655,0.583484866
2016,4497431,8969226,0.501429109
2014,1715731,4648358,0.369104746
2012,3407497,7993851,0.426264763
2010,1731589,4979870,0.347717712
2008,3556156,8077795,0.440238456
2006,1074824,4399116,0.244327269
2004,2412952,7410765,0.325600933
2002,1018664,4514012,0.225667101
2000,1529412,6407637,0.238685806