Year,Early Votes,Total Votes,% Early Votes
2018,5994140,8371655,0.716004183
2016,6564197,8969226,0.731857688
2014,2513400,4648358,0.540707063
2012,5020901,7993851,0.628095395
2010,2640918,4979870,0.530318663
2008,5351660,8077795,0.662514956
2006,1694823,4399116,0.385264449
2004,3779124,7410765,0.509950592
2002,1610713,4514012,0.356825148
2000,2485565,6407637,0.38790665